{"cameraMode":{"drawMode":0,"name":"Shaded","section":"Shading Mode"},"sceneLighting":true,"audioPlay":false,"sceneViewState":{"showFog":true,"showMaterialUpdate":false,"showSkybox":true,"showFlares":true,"showImageEffects":true,"showParticleSystems":true},"in2DMode":false,"pivot":{"x":1.79296875,"y":-3.1557703018188478,"z":0.37283384799957278},"rotation":{"x":0.49079257249832156,"y":0.002089334884658456,"z":-0.0011768880067393184,"w":0.8712742924690247},"size":9.195646286010743,"orthographic":true}