{"cameraMode":{"drawMode":0,"name":"Shaded","section":"Shading Mode"},"sceneLighting":true,"audioPlay":false,"sceneViewState":{"showFog":true,"showMaterialUpdate":false,"showSkybox":true,"showFlares":true,"showImageEffects":true,"showParticleSystems":true},"in2DMode":false,"pivot":{"x":0.251739501953125,"y":-1.8564453125,"z":-2.700439453125},"rotation":{"x":-0.6215590238571167,"y":0.011042052879929543,"z":-0.008762779645621777,"w":-0.7832411527633667},"size":6.890747547149658,"orthographic":true}