{"cameraMode":{"drawMode":0,"name":"Shaded","section":"Shading Mode"},"sceneLighting":true,"audioPlay":false,"sceneViewState":{"showFog":true,"showMaterialUpdate":false,"showSkybox":true,"showFlares":true,"showImageEffects":true,"showParticleSystems":true},"in2DMode":false,"pivot":{"x":-11.093721389770508,"y":6.175100326538086,"z":-6.004941940307617},"rotation":{"x":0.3702556788921356,"y":0.030646447092294694,"z":-0.012222874909639359,"w":0.9283468127250671},"size":7.537862300872803,"orthographic":true}