{"cameraMode":{"drawMode":0,"name":"Shaded","section":"Shading Mode"},"sceneLighting":false,"audioPlay":false,"sceneViewState":{"showFog":true,"showMaterialUpdate":false,"showSkybox":false,"showFlares":true,"showImageEffects":true,"showParticleSystems":true},"in2DMode":false,"pivot":{"x":-12.09000015258789,"y":0.14000000059604646,"z":-5.760000228881836},"rotation":{"x":-0.6078948974609375,"y":-0.00045556630357168615,"z":0.00037906243233010173,"w":-0.7940323948860169},"size":2.1505870819091799,"orthographic":true}