{"cameraMode":{"drawMode":0,"name":"Shaded","section":"Shading Mode"},"sceneLighting":false,"audioPlay":false,"sceneViewState":{"showFog":true,"showMaterialUpdate":false,"showSkybox":false,"showFlares":true,"showImageEffects":true,"showParticleSystems":true},"in2DMode":false,"pivot":{"x":-0.3730948269367218,"y":0.45871561765670779,"z":0.0},"rotation":{"x":-0.6078948974609375,"y":-0.00045556630357168615,"z":0.00037906243233010173,"w":-0.7940323948860169},"size":0.5180912613868713,"orthographic":true}