{"cameraMode":{"drawMode":0,"name":"Shaded","section":"Shading Mode"},"sceneLighting":true,"audioPlay":false,"sceneViewState":{"showFog":true,"showMaterialUpdate":false,"showSkybox":true,"showFlares":true,"showImageEffects":true,"showParticleSystems":true},"in2DMode":false,"pivot":{"x":0.024808194488286973,"y":-0.7831405997276306,"z":-2.9347996711730959},"rotation":{"x":-0.6078948974609375,"y":-0.00045556630357168615,"z":0.00037906243233010173,"w":-0.7940323948860169},"size":6.345426082611084,"orthographic":true}